{
	"partitions" : [
		{
			"name" : "Top",
			"pins" : [
				{
					"name" : "data_out[0]",
					"strict" : false
				},
				{
					"name" : "data_out[1]",
					"strict" : false
				},
				{
					"name" : "data_out[2]",
					"strict" : false
				},
				{
					"name" : "data_out[3]",
					"strict" : false
				},
				{
					"name" : "data_out[4]",
					"strict" : false
				},
				{
					"name" : "data_out[5]",
					"strict" : false
				},
				{
					"name" : "data_out[6]",
					"strict" : false
				},
				{
					"name" : "data_out[7]",
					"strict" : false
				},
				{
					"name" : "data_out[8]",
					"strict" : false
				},
				{
					"name" : "data_out[9]",
					"strict" : false
				},
				{
					"name" : "data_out[10]",
					"strict" : false
				},
				{
					"name" : "data_out[11]",
					"strict" : false
				},
				{
					"name" : "data_out[12]",
					"strict" : false
				},
				{
					"name" : "data_out[13]",
					"strict" : false
				},
				{
					"name" : "data_out[14]",
					"strict" : false
				},
				{
					"name" : "data_out[15]",
					"strict" : false
				},
				{
					"name" : "data_out[16]",
					"strict" : false
				},
				{
					"name" : "data_out[17]",
					"strict" : false
				},
				{
					"name" : "data_out[18]",
					"strict" : false
				},
				{
					"name" : "data_out[19]",
					"strict" : false
				},
				{
					"name" : "data_out[20]",
					"strict" : false
				},
				{
					"name" : "data_out[21]",
					"strict" : false
				},
				{
					"name" : "data_out[22]",
					"strict" : false
				},
				{
					"name" : "data_out[23]",
					"strict" : false
				},
				{
					"name" : "clk",
					"strict" : false
				},
				{
					"name" : "data_in[3]",
					"strict" : false
				},
				{
					"name" : "data_in[4]",
					"strict" : false
				},
				{
					"name" : "data_in[5]",
					"strict" : false
				},
				{
					"name" : "data_in[6]",
					"strict" : false
				},
				{
					"name" : "data_in[7]",
					"strict" : false
				},
				{
					"name" : "data_in[8]",
					"strict" : false
				},
				{
					"name" : "data_in[9]",
					"strict" : false
				},
				{
					"name" : "data_in[10]",
					"strict" : false
				},
				{
					"name" : "data_in[11]",
					"strict" : false
				},
				{
					"name" : "data_in[12]",
					"strict" : false
				},
				{
					"name" : "data_in[13]",
					"strict" : false
				},
				{
					"name" : "data_in[14]",
					"strict" : false
				},
				{
					"name" : "data_in[15]",
					"strict" : false
				},
				{
					"name" : "data_in[16]",
					"strict" : false
				},
				{
					"name" : "data_in[17]",
					"strict" : false
				},
				{
					"name" : "data_in[18]",
					"strict" : false
				},
				{
					"name" : "data_in[19]",
					"strict" : false
				},
				{
					"name" : "data_in[20]",
					"strict" : false
				},
				{
					"name" : "data_in[21]",
					"strict" : false
				},
				{
					"name" : "data_in[22]",
					"strict" : false
				},
				{
					"name" : "data_in[23]",
					"strict" : false
				}
			]
		}
	]
}